mean_fit_time,std_fit_time,mean_score_time,std_score_time,param_max_depth,param_n_estimators,params,split0_test_score,split1_test_score,split2_test_score,split3_test_score,split4_test_score,mean_test_score,std_test_score,rank_test_score
93.06732964515686,0.17271081190884674,0.41887102127075193,0.026679055813314482,10,50,"{'max_depth': 10, 'n_estimators': 50}",0.9986088115255634,0.998542370619339,0.9982447735640632,0.9983459414673211,0.9984656883047185,0.9984415170962009,0.00013159469960456687,4
356.7851511478424,0.6041517587608927,1.4496605396270752,0.08299888146054625,10,200,"{'max_depth': 10, 'n_estimators': 200}",0.9986066855287771,0.9985745001307851,0.9982309136405548,0.9984688237128674,0.9985289040837421,0.9984819654193453,0.00013380636518213926,3
175.12743639945984,2.087789807193827,3.2293561458587647,0.10639812763547411,400,50,"{'max_depth': 400, 'n_estimators': 50}",0.9996383236825727,0.9996564689453755,0.999311702747175,0.9993264490962009,0.9995648766059102,0.9994995642154467,0.0001505986507986454,2
536.4726547718049,1.7666719923603929,25.35064105987549,1.4900390618000416,400,200,"{'max_depth': 400, 'n_estimators': 200}",0.9996541716816469,0.9996745221151879,0.9993508288214967,0.9993336889759031,0.999576325829456,0.9995179074847382,0.000147214479951958,1
